<?xml version="1.0" encoding="UTF-8"?>
<project-private xmlns="http://www.netbeans.org/ns/project-private/1">
    <editor-bookmarks xmlns="http://www.netbeans.org/ns/editor-bookmarks/2" lastBookmarkId="0"/>
    <open-files xmlns="http://www.netbeans.org/ns/projectui-open-files/2">
        <group>
            <file>file:/C:/Users/muzam/Desktop/JavaApplication7%20(final)%20(3)/JavaApplication7%20(final)%20(2)/JavaApplication7%20(final)/JavaApplication7%20(final)/JavaApplication7/JavaApplication7/src/javaapplication7/Home.java</file>
            <file>file:/C:/Users/muzam/Desktop/JavaApplication7%20(final)%20(3)/JavaApplication7%20(final)%20(2)/JavaApplication7%20(final)/JavaApplication7%20(final)/JavaApplication7/JavaApplication7/src/javaapplication7/wUpdate.java</file>
        </group>
    </open-files>
</project-private>
